Player-additional,Player,USG%,2P_shot,3P_shot,2P%,3P%,ORB%,DRB%,2P.2,3P.2,AST%,TOV%,FTr,FT%,OBPM,DBPM,PER▼
kesslwa01,Walker Kessler,13.7,0.919,0.081,0.706,0.176,16.6,27.1,0.618,1,8.3,15,0.363,0.52,1.1,0.7,20
valanjo01,Jonas Valančiūnas,22.8,0.941,0.059,0.571,0.216,13.3,30.7,0.573,1,17.6,14.6,0.263,0.879,0.8,-0.1,20.8
cartewe01,Wendell Carter Jr.,16,0.678,0.322,0.568,0.234,9.4,23.4,0.757,1,11.5,11.9,0.356,0.737,-2.2,0.9,13.7
claxtni01,Nic Claxton,16.8,0.963,0.037,0.576,0.238,9,22.7,0.673,1,13.7,12,0.271,0.513,-1.1,1.5,16.5
marshna01,Naji Marshall,20,0.694,0.306,0.611,0.275,4.4,14,0.483,1,15.8,12.5,0.225,0.813,-0.3,-0.5,15.1
okongon01,Onyeka Okongwu,17.3,0.784,0.216,0.634,0.324,11.4,24,0.768,1,11.4,10.4,0.316,0.759,1.2,0.2,19
poeltja01,Jakob Poeltl,18.7,0.995,0.005,0.628,0.333,11.7,23.3,0.746,1,14.5,14.7,0.249,0.674,0.7,1.3,20
wilsoja03,Jalen Wilson,16.6,0.416,0.584,0.481,0.337,4,11.4,0.597,1,10.8,10.2,0.266,0.818,-2.6,-1.3,9.5
jonesde02,Derrick Jones Jr.,16.5,0.628,0.372,0.627,0.356,5.7,10.1,0.741,1,4.6,9.3,0.2,0.703,-1,0.7,13.5
yabusgu01,Guerschon Yabusele,16.3,0.513,0.487,0.616,0.38,7.7,16.3,0.725,1,11.6,12.2,0.245,0.725,0.1,-1.1,14.7
vucevni01,Nikola Vučević,22.4,0.691,0.309,0.587,0.402,8.3,25.2,0.758,0.992,17.1,9.7,0.144,0.805,2.5,0.1,20.3
finnedo01,Dorian Finney-Smith,12.3,0.278,0.722,0.545,0.411,5,10.4,0.697,0.992,6.9,11,0.103,0.667,-1.1,0.1,10.1
horfoal01,Al Horford,13.8,0.319,0.681,0.551,0.363,5.2,18.9,0.827,0.991,10.4,8.8,0.082,0.895,0.1,1.1,12.9
greendr01,Draymond Green,15.9,0.517,0.483,0.517,0.325,3.9,19,0.809,0.988,26.2,23.3,0.289,0.687,-2.3,2.8,12.4
niangge01,Georges Niang,17.9,0.34,0.66,0.569,0.406,3.1,14.3,0.833,0.988,8.8,11.3,0.094,0.793,-1.1,-1.2,11.2
murrake02,Keegan Murray,15,0.452,0.548,0.566,0.343,6.3,15.5,0.652,0.987,5.6,6.6,0.088,0.833,-0.8,-0.8,12
wallaca01,Cason Wallace,12.8,0.575,0.425,0.562,0.356,4.1,8.8,0.563,0.986,11.5,10.5,0.076,0.811,-1.5,2.6,12.3
lopezbr01,Brook Lopez,15.8,0.518,0.482,0.636,0.373,5,11.8,0.745,0.986,7.8,9.1,0.178,0.826,0.4,0.4,14.8
alexani01,Nickeil Alexander-Walker,16,0.399,0.601,0.524,0.381,2.9,11.1,0.612,0.986,15,12.9,0.192,0.78,-0.8,0.4,11.6
princta02,Taurean Prince,12.5,0.348,0.652,0.492,0.439,1.8,12.2,0.773,0.986,9.4,13.3,0.093,0.813,-2,0.3,9.8
sabondo01,Domantas Sabonis,21.6,0.825,0.175,0.627,0.417,12.3,32.6,0.63,0.985,26,16.5,0.324,0.754,4.2,1.1,22.9
willizi02,Ziaire Williams,18.2,0.419,0.581,0.509,0.341,4.3,17.5,0.631,0.981,8.5,10.5,0.237,0.821,-2.2,-0.1,11.9
turnemy01,Myles Turner,20.7,0.514,0.486,0.561,0.396,4.7,19.4,0.846,0.981,7.1,11.8,0.293,0.773,0,0.4,16.1
barneha02,Harrison Barnes,15.7,0.473,0.527,0.591,0.433,4.7,10.3,0.586,0.981,8.6,6.1,0.291,0.809,1.7,-1.7,14.9
watsope01,Peyton Watson,13.9,0.682,0.318,0.534,0.353,3.3,11.8,0.801,0.979,7,10.3,0.32,0.693,-2.1,0.3,11.4
buzelma01,Matas Buzelis,18.7,0.521,0.479,0.54,0.361,3.9,15.2,0.699,0.979,7.2,10.9,0.195,0.815,-2,-0.5,12.5
greenjo02,Josh Green,11.8,0.411,0.589,0.48,0.391,3.1,6.7,0.614,0.979,8.2,13.4,0.171,0.681,-4.5,0.2,7.8
highsha01,Haywood Highsmith,11.3,0.404,0.596,0.57,0.382,4.4,10.8,0.667,0.978,8.4,11.6,0.11,0.721,-2.7,0.9,9.9
pippesc02,Scotty Pippen Jr.,19.3,0.631,0.369,0.528,0.397,4.1,12.1,0.5,0.977,27.1,17.1,0.288,0.713,0,1.8,15.8
siakapa01,Pascal Siakam,24.2,0.726,0.274,0.568,0.389,5.9,17.6,0.589,0.976,15.7,7.6,0.261,0.734,2.2,-0.5,19.2
risacza01,Zaccharie Risacher,20.9,0.558,0.442,0.54,0.355,5,11.1,0.732,0.975,7.1,9.8,0.191,0.711,-1.7,-1.8,12.2
oubreke01,Kelly Oubre Jr.,18.9,0.673,0.327,0.555,0.293,5.1,15.4,0.534,0.972,7.9,8.9,0.25,0.751,-1.7,-0.6,13.5
champju02,Julian Champagnie,17.2,0.278,0.722,0.53,0.371,3.7,13.9,0.735,0.972,7.9,9.5,0.141,0.904,-0.3,-0.9,12.2
townska01,Karl-Anthony Towns,27.4,0.722,0.278,0.567,0.42,9.8,32,0.586,0.972,13.8,12.1,0.337,0.829,3.5,0.1,23.4
coffeam01,Amir Coffey,15.3,0.516,0.484,0.529,0.409,2.1,8.2,0.683,0.97,6.1,7.4,0.253,0.891,-1.5,-0.2,11.2
smithja05,Jabari Smith Jr.,16.4,0.511,0.489,0.519,0.354,6.4,18.6,0.567,0.969,4.7,8.9,0.223,0.825,-0.8,0.1,12.6
moodymo01,Moses Moody,17.4,0.407,0.593,0.519,0.374,3.3,9.2,0.667,0.968,8.3,7.9,0.234,0.797,-0.9,0,12.4
aldamsa01,Santi Aldama,18.5,0.497,0.503,0.599,0.368,6.1,20.3,0.642,0.967,15.2,9.3,0.145,0.691,2.5,0.7,16.8
allengr01,Grayson Allen,17.6,0.284,0.716,0.504,0.426,2.5,11.3,0.7,0.966,12.5,12.2,0.233,0.816,0.7,-1,13.7
toppiob01,Obi Toppin,20.1,0.497,0.503,0.695,0.365,4.1,18.7,0.758,0.964,11.9,9.5,0.19,0.781,1.8,-0.1,17.4
grantje01,Jerami Grant,19.4,0.484,0.516,0.381,0.365,1.8,10,0.519,0.963,9.5,9.1,0.289,0.849,-1.4,-0.3,10.9
brookdi01,Dillon Brooks,17.7,0.476,0.524,0.465,0.397,3.3,9.1,0.444,0.962,7.4,7.4,0.135,0.818,-1.4,0,11
onealro01,Royce O'Neale,15.5,0.226,0.774,0.481,0.406,3.3,17.5,0.71,0.961,12.3,10.1,0.046,0.731,0.2,-0.1,12.6
hachiru01,Rui Hachimura,15.8,0.571,0.429,0.581,0.413,4.9,12.6,0.817,0.961,6.4,7.3,0.196,0.77,-0.1,-0.6,13.6
thompam01,Amen Thompson,17.5,0.869,0.131,0.599,0.275,9,18.2,0.523,0.96,16.9,14.6,0.354,0.684,1.4,2.6,18.7
agbajoc01,Ochai Agbaji,14.6,0.526,0.474,0.587,0.399,3.7,11.4,0.794,0.96,7.9,8.9,0.09,0.708,-0.9,0.2,12
dortlu01,Luguentz Dort,13.6,0.304,0.696,0.489,0.412,4.7,10.3,0.67,0.959,6.9,7.7,0.078,0.717,-0.6,0.8,11.3
bridgmi01,Mikal Bridges,19.6,0.609,0.391,0.594,0.354,2.7,7,0.682,0.957,14.4,9.7,0.1,0.814,0.4,-0.9,14
chrisma02,Max Christie,15.2,0.468,0.532,0.496,0.366,2,11.2,0.606,0.957,9.2,11.8,0.258,0.855,-2.1,-0.5,10.4
camarto01,Toumani Camara,14.4,0.497,0.503,0.542,0.375,7.2,12.1,0.658,0.956,9.6,12.4,0.176,0.722,-0.9,0.8,12.5
sengual01,Alperen Şengün,26.2,0.921,0.079,0.519,0.233,11.4,23.8,0.473,0.952,24.1,12.7,0.374,0.692,2.6,1.8,21.4
sarral01,Alex Sarr,23.5,0.588,0.412,0.454,0.308,7.1,17.9,0.701,0.952,13.9,11.2,0.199,0.679,-2.2,-1,12.9
johnske07,Keon Johnson,21.7,0.485,0.515,0.468,0.314,3.5,14.5,0.492,0.952,14.6,12.1,0.178,0.77,-3.1,-0.1,10.4
jacksja02,Jaren Jackson Jr.,28.1,0.679,0.321,0.541,0.375,4.4,15.5,0.451,0.952,10.1,9.9,0.328,0.781,1.6,0.8,19.6
hausesa01,Sam Hauser,14.3,0.158,0.842,0.64,0.416,3.1,12.7,0.813,0.952,5.8,4.6,0.023,1,0.9,-0.1,12.8
mcdanja02,Jaden McDaniels,16.3,0.637,0.363,0.561,0.33,5.6,14.2,0.611,0.95,9,9.6,0.153,0.813,-1.4,1.4,13.3
dasiltr01,Tristan Da Silva,15.2,0.505,0.495,0.488,0.335,4.9,12.7,0.613,0.95,10.3,9.9,0.13,0.873,-2.3,-0.3,9.9
dickgr01,Gradey Dick,21,0.496,0.504,0.47,0.35,2.9,10.3,0.795,0.947,8.9,10.4,0.24,0.858,-1.9,-1.3,10.9
thompkl01,Klay Thompson,21.8,0.369,0.631,0.448,0.391,2.5,11,0.69,0.944,10.7,8.8,0.084,0.905,0.7,-1.6,12.9
kispeco01,Corey Kispert,17.5,0.416,0.584,0.574,0.364,2.3,9.5,0.793,0.942,9.7,9.6,0.156,0.852,-1.4,-2.2,11
greenaj01,A.J. Green,12.6,0.144,0.856,0.443,0.427,1.2,9.8,0.741,0.942,8.5,8.4,0.064,0.815,-1.7,-0.4,9.2
daniedy01,Dyson Daniels,18.2,0.745,0.255,0.545,0.34,5.1,14.2,0.517,0.938,17.9,13.6,0.152,0.593,-1.1,2.6,15.6
willipa01,Patrick Williams,16.9,0.473,0.527,0.447,0.353,2.9,12.7,0.569,0.938,10.3,13.5,0.161,0.723,-3,-0.7,9
beaslma01,Malik Beasley,22.5,0.285,0.715,0.466,0.416,2.3,8,0.634,0.937,8.9,6.8,0.131,0.679,2,-1.2,14.4
filipky01,Kyle Filipowski,18.7,0.575,0.425,0.614,0.35,8,23.1,0.579,0.935,13.9,14.9,0.276,0.65,-0.6,-0.3,14.9
harrito02,Tobias Harris,17.6,0.672,0.328,0.542,0.345,3.1,17.5,0.539,0.934,9.8,8.8,0.206,0.861,-0.5,0.6,13.9
dunnkr01,Kris Dunn,12.7,0.487,0.513,0.549,0.335,3.4,12.4,0.556,0.933,15.6,14.2,0.05,0.682,-2.8,3.4,11.3
huertke01,Kevin Huerter,17.5,0.353,0.647,0.587,0.338,2,11.3,0.76,0.932,12.6,9.7,0.081,0.714,-1.8,-0.2,11.3
hieldbu01,Buddy Hield,20.5,0.302,0.698,0.527,0.37,2.9,12.7,0.616,0.931,10.7,10.1,0.081,0.828,-0.7,-0.3,12.3
anunoog01,OG Anunoby,19.7,0.552,0.448,0.561,0.372,4.2,11,0.717,0.93,8.5,8.3,0.22,0.81,0.7,0.1,15.4
caldwke01,Kentavious Caldwell-Pope,12.4,0.393,0.607,0.589,0.342,1.6,7.2,0.698,0.929,8.7,9.6,0.175,0.863,-3,1.6,9.9
barrerj01,RJ Barrett,28.7,0.688,0.312,0.522,0.35,3.4,17.9,0.459,0.925,27.3,12.9,0.317,0.63,1.2,-0.7,16.5
hardati02,Tim Hardaway Jr.,15.5,0.328,0.672,0.484,0.368,0.9,8.4,0.815,0.923,7.6,6.1,0.213,0.855,-1.1,-0.9,9.8
wiggiaa01,Aaron Wiggins,20.3,0.534,0.466,0.578,0.383,5.1,12.9,0.573,0.923,10.6,8.3,0.122,0.831,1.3,-0.2,16.1
knechda01,Dalton Knecht,18.5,0.39,0.61,0.594,0.376,2.9,13.1,0.744,0.922,6.5,5.9,0.151,0.762,-0.1,-1.7,12.7
portemi01,Michael Porter Jr.,20.2,0.533,0.467,0.599,0.395,6.1,16.2,0.74,0.922,8.7,8.4,0.185,0.768,1.6,-1.7,16.2
georgky01,Kyshawn George,15.9,0.352,0.648,0.464,0.322,2.8,13.7,0.573,0.921,13.3,14.2,0.17,0.753,-3.8,-0.3,8.8
elliske01,Keon Ellis,12.7,0.308,0.692,0.615,0.433,3.4,8.8,0.682,0.921,8,12.4,0.185,0.849,-0.1,2,13.5
reidna01,Naz Reid,21.5,0.499,0.501,0.544,0.379,4.7,19.3,0.641,0.92,12.6,9.9,0.155,0.776,0.8,0.8,15.8
huntede01,De'Andre Hunter,22.8,0.491,0.509,0.537,0.405,2.7,13.4,0.637,0.911,7.5,8.6,0.333,0.846,1.2,-0.8,15.9
joeis01,Isaiah Joe,17.2,0.207,0.793,0.549,0.412,2.8,10.1,0.791,0.911,9.7,5.8,0.095,0.821,1.4,-0.1,14
bridgmi02,Miles Bridges,28,0.587,0.413,0.513,0.313,3.7,21.9,0.482,0.908,21.7,10.2,0.233,0.87,2.3,-0.5,17.7
wellsja01,Jaylen Wells,15.9,0.42,0.58,0.525,0.352,4.6,9.3,0.658,0.906,8.4,8.6,0.2,0.822,-1.2,-1,10.5
johnsca02,Cameron Johnson,22.9,0.454,0.546,0.578,0.39,3.3,12.8,0.556,0.906,18.5,10.5,0.301,0.893,3.5,-0.4,18.2
trentga02,Gary Trent Jr.,17.1,0.341,0.659,0.46,0.416,1.2,8.2,0.476,0.906,6.4,5.7,0.14,0.848,-1.2,-0.4,11.7
coulibi01,Bilal Coulibaly,17.9,0.641,0.359,0.5,0.281,4.8,10.9,0.51,0.905,14.9,15.1,0.296,0.746,-3,-0.7,10.8
washipj01,P.J. Washington,20.4,0.641,0.359,0.493,0.381,5,20.9,0.524,0.901,10.1,13.6,0.298,0.722,-1.1,0.2,14
johnske04,Keldon Johnson,21.6,0.644,0.356,0.573,0.318,6.5,15.1,0.627,0.897,10.2,8.3,0.252,0.773,0,-1.6,15.6
giddejo01,Josh Giddey,21.7,0.652,0.348,0.512,0.378,6.4,21.4,0.414,0.895,32.9,18.4,0.281,0.781,1.9,1.1,18.1
mobleev01,Evan Mobley,23.2,0.746,0.254,0.621,0.37,8.4,24,0.64,0.894,15.1,12.2,0.337,0.725,3.1,1.5,22.3
braunch01,Christian Braun,15.8,0.727,0.273,0.648,0.397,4.2,12.2,0.762,0.888,10.1,8.1,0.261,0.827,0.8,-0.5,16
duranke01,Kevin Durant,28.7,0.669,0.331,0.574,0.43,1.2,16.9,0.433,0.888,19.6,12.9,0.321,0.839,3.9,-0.7,21.2
davisan02,Anthony Davis,30.4,0.864,0.136,0.553,0.282,9.1,29.1,0.605,0.886,18.3,9.5,0.405,0.775,3.9,1.5,26.3
adebaba01,Bam Adebayo,23.5,0.801,0.199,0.517,0.357,7.7,23.1,0.605,0.886,20,11.4,0.295,0.765,1,1,18.9
robindu01,Duncan Robinson,19.2,0.271,0.729,0.556,0.393,1.1,9.1,0.76,0.884,14.7,11.1,0.08,0.887,-0.7,-1.1,11.8
derozde01,DeMar DeRozan,25,0.804,0.196,0.513,0.328,2,10.1,0.363,0.881,18.7,6.5,0.337,0.857,1.2,-1.2,17.7
butleji01,Jimmy Butler,20.8,0.826,0.174,0.546,0.308,7.7,10.8,0.554,0.875,25.5,8.8,0.657,0.842,4,1,22.4
bealbr01,Bradley Beal,22.1,0.62,0.38,0.565,0.386,2.3,9.1,0.519,0.873,17.6,11.6,0.197,0.803,-0.1,-1,15.2
jonesty01,Tyus Jones,16.2,0.413,0.587,0.496,0.414,2.1,7.8,0.393,0.873,27.7,11.4,0.083,0.895,1.4,-1.3,14.5
vincega01,Gabe Vincent,13.5,0.264,0.736,0.532,0.353,1.5,5.2,0.593,0.872,8.7,8.7,0.05,0.714,-3.8,-0.1,7.4
hartjo01,Josh Hart,15.3,0.673,0.327,0.618,0.333,6.4,22.6,0.613,0.869,20.7,15.5,0.266,0.776,1.1,1.8,16.5
wiggian01,Andrew Wiggins,24.5,0.585,0.415,0.501,0.374,5.1,10.8,0.504,0.869,13.5,9.4,0.306,0.763,1.2,-0.3,16.4
westbru01,Russell Westbrook,23.8,0.65,0.35,0.517,0.323,5.6,13.4,0.423,0.862,28.8,20.6,0.28,0.661,-0.9,-0.2,14.3
jokicni01,Nikola Jokić,29.5,0.757,0.243,0.627,0.417,9,28.2,0.653,0.862,44.1,12.8,0.331,0.8,9.9,3.3,32
holidjr01,Jrue Holiday,15.8,0.466,0.534,0.547,0.353,4.4,10.8,0.493,0.861,17.3,11.3,0.134,0.909,-0.3,1,13.5
vassede01,Devin Vassell,22.1,0.517,0.483,0.513,0.368,1.8,12,0.547,0.861,13.8,8.5,0.135,0.792,-0.3,-0.8,14.2
wembavi01,Victor Wembanyama,30.4,0.53,0.47,0.586,0.352,5.7,29.8,0.703,0.859,18.3,13.7,0.221,0.836,3.6,2.9,24.2
kuzmaky01,Kyle Kuzma,24,0.631,0.369,0.512,0.307,3,17.1,0.573,0.854,12.1,13.5,0.238,0.634,-2.9,-2,10.6
divindo01,Donte DiVincenzo,19.4,0.261,0.739,0.49,0.397,2.2,13.3,0.592,0.851,20.2,13.8,0.106,0.778,0.8,1.1,14.1
murphtr02,Trey Murphy III,23.7,0.478,0.522,0.556,0.361,2.7,13.2,0.691,0.848,15.9,9.9,0.274,0.887,2.1,-1.4,17.3
avdijde01,Deni Avdija,23.2,0.595,0.405,0.552,0.365,5.4,21.2,0.448,0.848,19.9,16.3,0.441,0.78,1.5,0.6,17.7
randlju01,Julius Randle,25,0.666,0.334,0.555,0.344,7.3,16.8,0.447,0.843,22.5,15.3,0.357,0.806,1.5,-0.2,17.5
podzibr01,Brandin Podziemski,18.3,0.509,0.491,0.516,0.372,4,16.8,0.552,0.843,18.7,10.1,0.151,0.758,-0.1,0.8,14.4
blackan01,Anthony Black,19.6,0.685,0.315,0.471,0.318,3,11.4,0.435,0.839,19.4,16.4,0.318,0.761,-3.1,1.2,11.6
nembhan01,Andrew Nembhard,16.3,0.675,0.325,0.538,0.291,2,10.7,0.474,0.824,22.5,15.8,0.252,0.794,-2.6,0.3,11.7
mitchda01,Davion Mitchell,13.6,0.557,0.443,0.525,0.398,1.9,7.1,0.281,0.821,24.2,20,0.176,0.69,-2.8,0.2,10.2
monkma01,Malik Monk,24.6,0.544,0.456,0.534,0.325,1.6,11.7,0.443,0.82,25.7,13.5,0.19,0.865,0.3,-1.1,15
conlemi01,Mike Conley,14.4,0.338,0.662,0.38,0.41,2.1,9.3,0.433,0.819,24.5,12.9,0.192,0.9,-0.1,1.3,13.3
mcbrimi01,Miles McBride,16.8,0.43,0.57,0.455,0.369,3.4,8.1,0.393,0.809,15.6,6.7,0.117,0.813,-0.4,0.4,12.6
whitede01,Derrick White,19.8,0.279,0.721,0.593,0.384,2.8,11.5,0.465,0.808,20.2,11.3,0.168,0.839,2.7,0.8,16.6
pritcpa01,Payton Pritchard,19,0.277,0.723,0.642,0.407,4.9,9.8,0.247,0.804,18.1,8.4,0.097,0.845,3.4,0.2,17.6
roziete01,Terry Rozier,20.4,0.515,0.485,0.48,0.295,3,12.8,0.459,0.802,14.8,10.3,0.17,0.852,-2.6,-1,10.5
powelno01,Norman Powell,26.1,0.547,0.453,0.538,0.418,1.2,9.6,0.601,0.793,10.2,9.2,0.28,0.804,1.7,-0.2,17.5
leverca01,Caris LeVert,19.4,0.526,0.474,0.552,0.373,2.8,11,0.644,0.792,18.1,10.2,0.259,0.71,0.8,0.1,15.2
grimequ01,Quentin Grimes,22.8,0.488,0.512,0.552,0.385,3.2,14.7,0.441,0.79,17.7,13.3,0.26,0.757,1.3,-0.9,15.9
castlst01,Stephon Castle,26,0.663,0.337,0.501,0.285,4.4,10.3,0.46,0.789,22.8,13.4,0.348,0.724,-1.5,-1.7,13.7
willija06,Jalen Williams,27.5,0.709,0.291,0.533,0.365,2.9,14.6,0.395,0.782,23.4,10.3,0.256,0.789,2.7,1.4,20.3
hendesc01,Scoot Henderson,22.5,0.566,0.434,0.469,0.354,3.1,9.2,0.253,0.771,28.1,18.6,0.301,0.767,-1.4,-0.8,12.5
whiteco01,Coby White,24.4,0.479,0.521,0.544,0.37,1.1,10.4,0.336,0.759,19.5,12.4,0.274,0.902,0.5,-1.4,15.5
schrode01,Dennis Schröder,21.6,0.551,0.449,0.458,0.342,1.4,9.2,0.244,0.756,28.7,13.3,0.261,0.838,-1.3,-0.9,12.7
herroty01,Tyler Herro,28,0.514,0.486,0.565,0.375,1.4,14.6,0.378,0.753,26.2,11.5,0.237,0.878,3.8,-0.7,19.7
barnesc01,Scottie Barnes,27,0.737,0.263,0.508,0.271,5.3,20.2,0.452,0.737,27.7,13.4,0.284,0.755,1.5,0.9,17.8
mccolcj01,CJ McCollum,27.2,0.541,0.459,0.505,0.373,2.4,10.3,0.443,0.737,20.6,9,0.173,0.717,1.2,-2.6,15.8
brownja02,Jaylen Brown,28.9,0.68,0.32,0.529,0.324,4.1,14.4,0.386,0.724,21.4,11.4,0.288,0.764,0.4,-0.4,17.8
reaveau01,Austin Reaves,23.7,0.488,0.512,0.547,0.377,2.8,11.5,0.44,0.72,24.9,12.9,0.353,0.877,2.4,-0.5,18.1
bookede01,Devin Booker,29.3,0.612,0.388,0.542,0.332,3.1,8.9,0.431,0.716,30.6,11.9,0.34,0.894,2.8,-2.4,19.3
mathube01,Bennedict Mathurin,22.8,0.662,0.338,0.519,0.34,4.6,15.2,0.584,0.714,8.8,11.9,0.389,0.831,-1.3,-1.5,13.6
sharpsh01,Shaedon Sharpe,25.1,0.572,0.428,0.557,0.311,3.2,12.7,0.409,0.707,14.2,11,0.219,0.785,0,-1.3,14.5
curryst01,Stephen Curry,29.8,0.377,0.623,0.534,0.397,1.9,13.3,0.478,0.704,31.3,12.6,0.238,0.933,6.4,0,21.5
wagnefr01,Franz Wagner,31,0.697,0.303,0.535,0.295,3,17.1,0.446,0.692,26.6,9.6,0.268,0.871,2.6,0.5,20.1
jamesle01,LeBron James,30.1,0.688,0.312,0.574,0.376,3.4,21.2,0.382,0.691,40.3,15.5,0.261,0.782,4.9,0.7,22.7
sextoco01,Collin Sexton,27,0.687,0.313,0.513,0.406,3.7,6.8,0.373,0.682,25.1,14.1,0.29,0.865,1.7,-2.3,16.6
foxde01,De'Aaron Fox,28.3,0.672,0.328,0.538,0.31,2.7,12.1,0.318,0.669,27.2,11.8,0.273,0.827,1.3,-1,18.3
carrica01,Bub Carrington,15.8,0.456,0.544,0.475,0.339,1.4,13.1,0.481,0.667,21.2,15.2,0.114,0.812,-3.3,-1.3,9
georgke01,Keyonte George,24.3,0.448,0.552,0.449,0.343,1.3,11.5,0.427,0.649,26.9,14.9,0.31,0.818,-0.2,-2.5,12.9
banede01,Desmond Bane,23.3,0.589,0.411,0.548,0.392,3,16.9,0.426,0.634,23.6,13.3,0.194,0.894,2.6,0.6,17.9
irvinky01,Kyrie Irving,27.4,0.62,0.38,0.517,0.401,3.7,10.6,0.32,0.632,20.5,9.7,0.226,0.916,3.9,-0.5,19.9
vanvlfr01,Fred VanVleet,17.7,0.393,0.607,0.43,0.345,1.6,9.7,0.234,0.623,21.2,9.6,0.181,0.81,-0.4,1.3,12.8
ballla01,LaMelo Ball,35.9,0.474,0.526,0.478,0.339,3.3,13.4,0.233,0.62,43.8,13.1,0.228,0.843,4.1,-0.9,19.1
murraja01,Jamal Murray,24,0.646,0.354,0.518,0.393,2.2,9.3,0.355,0.615,23.2,10.1,0.219,0.886,1.8,-1,17.8
moranja01,Ja Morant,32.2,0.679,0.321,0.523,0.309,2.4,11.8,0.237,0.614,36,15.2,0.359,0.824,3.1,-0.7,19.3
simonan01,Anfernee Simons,24.6,0.473,0.527,0.496,0.363,1.2,8,0.186,0.609,23.3,10.6,0.172,0.902,1.5,-1.5,14.9
colliis01,Isaiah Collier,18.9,0.695,0.305,0.497,0.249,1.9,11.8,0.349,0.595,34.3,25,0.277,0.682,-3.8,-1.5,9.7
lillada01,Damian Lillard,27.8,0.472,0.528,0.528,0.376,1.6,12.1,0.158,0.574,29.7,12.2,0.396,0.921,4.7,-0.6,21.3
poolejo01,Jordan Poole,29,0.412,0.588,0.51,0.378,1.6,9,0.347,0.574,25.6,14.8,0.259,0.883,2,-1.6,16.6
garlada01,Darius Garland,27.2,0.549,0.451,0.53,0.401,2.3,7.6,0.33,0.571,32.2,12.8,0.217,0.878,3.9,-0.8,19.9
cunnica01,Cade Cunningham,33.2,0.713,0.287,0.515,0.356,2.5,16.5,0.228,0.57,43,16,0.254,0.846,3.8,0.1,20.6
dinwisp01,Spencer Dinwiddie,17.9,0.522,0.478,0.492,0.334,0.9,9.5,0.211,0.55,22.1,11.4,0.356,0.802,-0.9,-0.7,13
lavinza01,Zach LaVine,25.3,0.562,0.438,0.562,0.446,0.9,12,0.495,0.544,18.3,13.4,0.233,0.825,2.3,-1.6,17.3
mitchdo01,Donovan Mitchell,30.9,0.52,0.48,0.512,0.368,2.8,12.5,0.222,0.541,23.9,9.2,0.274,0.823,3.8,-0.2,20.9
greenja05,Jalen Green,27.3,0.54,0.46,0.482,0.354,1.7,13.4,0.262,0.538,16,11.4,0.234,0.813,1.1,-0.5,15.1
halibty01,Tyrese Haliburton,21.6,0.441,0.559,0.581,0.388,1.9,9.7,0.391,0.528,38.9,9.8,0.221,0.851,5.7,0.2,21.8
antetgi01,Giannis Antetokounmpo,35.2,0.952,0.048,0.62,0.222,7.3,29.7,0.429,0.5,36,11.2,0.536,0.617,6.9,2.5,30.5
banchpa01,Paolo Banchero,33.6,0.701,0.299,0.509,0.32,3.5,22.4,0.378,0.494,26,11.2,0.423,0.727,3.4,0.2,20
paulch01,Chris Paul,14,0.364,0.636,0.514,0.377,1.5,12.3,0.22,0.493,34.8,17.1,0.158,0.924,0.3,0.5,14.7
maxeyty01,Tyrese Maxey,29.8,0.562,0.438,0.515,0.337,0.8,9.6,0.307,0.491,28,9.2,0.265,0.879,3.2,-1.1,19.5
edwaran01,Anthony Edwards,31.4,0.497,0.503,0.501,0.395,2.4,14.8,0.384,0.475,20.9,12,0.308,0.837,4.4,0,20.1
brunsja01,Jalen Brunson,29.5,0.669,0.331,0.539,0.383,1.4,7.9,0.236,0.461,32.3,10.5,0.373,0.821,4.7,-1.3,21.6
tatumja01,Jayson Tatum,31.2,0.503,0.497,0.559,0.343,2,23.7,0.35,0.46,27,11.2,0.3,0.814,4.4,0.8,21.7
doncilu01,Luka Dončić,33.9,0.531,0.469,0.522,0.368,2.6,22.6,0.261,0.441,36.1,13,0.385,0.782,5.5,1.2,24.1
hardeja01,James Harden,29.6,0.484,0.516,0.472,0.352,2.3,16.1,0.176,0.37,36.8,18,0.446,0.874,3.5,0.8,20
gilgesh01,Shai Gilgeous-Alexander,34.8,0.737,0.263,0.571,0.375,2.8,12.6,0.212,0.35,31.3,8.6,0.404,0.898,8.9,2.6,30.7
youngtr01,Trae Young,29.6,0.533,0.467,0.474,0.34,1.4,8.2,0.287,0.294,46.4,17.9,0.408,0.875,3.3,-2.7,18.3
missiyv01,Yves Missi,14.3,0.998,0.002,0.548,0,13.7,19.7,0.677,0,7.2,12.4,0.415,0.623,-1.6,-1.4,15.4
allenja01,Jarrett Allen,15.9,0.992,0.008,0.712,0,10.5,26.7,0.825,0,9.5,11.3,0.433,0.718,3,1.2,22.1
durenja01,Jalen Duren,16.4,1,0,0.692,0,15.2,28.7,0.624,0,14.7,17.2,0.443,0.669,1.6,1.5,21.4
zubaciv01,Ivica Zubac,19.5,1,0,0.628,0,13.1,30.2,0.703,0,12.8,10.8,0.251,0.661,2.3,0.8,22.3
harteis01,Isaiah Hartenstein,16.7,0.96,0.04,0.605,0,11.2,29.6,0.81,0,18.3,15.3,0.244,0.675,0.6,2.6,18.9
goberru01,Rudy Gobert,13,1,0,0.669,0,12.5,23.8,0.707,0,7.5,12.4,0.535,0.674,0.6,1.3,18.3
